run_id,checkpoint,checkpoint_stage,checkpoint_epoch,prediction_mode,device,dataset_root,dataset_split,dataset_hand,input_size,shared_10_eval,num_samples,num_points,num_visible_points,num_eval_keypoints,sse_norm,epe_norm,epe_root_keypoint_index_in_eval,pck_threshold,pck,prediction_seconds,num_batches,ms_per_image,images_per_second,out_json
7660666,/users/40321491/sharedscratch/training_results/7660666/checkpoints/best.pt,2,4,fusion,cuda,/users/40321491/data/RHD_published_v2,evaluation,right,256,false,2728,57288,39037,21,0.2491903132007968,0.08274879458498008,0,0.2,0.9240208007787484,10.80390339717269,43,3.9603751455911618,252.50133213093147,eval_results/7660666_21_full.json
7660668,/users/40321491/sharedscratch/training_results/7660668/checkpoints/best.pt,2,8,fusion,cuda,/users/40321491/data/RHD_published_v2,evaluation,right,256,false,2728,57288,39037,21,0.27811715085485467,0.07690725280853966,0,0.2,0.9238671004431693,10.809783896431327,43,3.9625307538238004,252.36397194772826,eval_results/7660668_21_full.json
7660669,/users/40321491/sharedscratch/training_results/7660669/checkpoints/best.pt,2,4,fusion,cuda,/users/40321491/data/RHD_published_v2,evaluation,right,256,false,2728,57288,39037,21,0.2316985339188506,0.08193100692460163,0,0.2,0.926761790096575,10.81354352645576,43,3.9639089173224926,252.27623057380225,eval_results/7660669_21_full.json
7660670,/users/40321491/sharedscratch/training_results/7660670/checkpoints/best.pt,2,6,fusion,cuda,/users/40321491/data/RHD_published_v2,evaluation,right,256,false,2728,57288,39037,21,0.2855788427364092,0.07685046094965793,0,0.2,0.9112892896482824,10.816289400681853,43,3.964915469458157,252.21218654042562,eval_results/7660670_21_full.json
7660671,/users/40321491/sharedscratch/training_results/7660671/checkpoints/best.pt,2,6,fusion,cuda,/users/40321491/data/RHD_published_v2,evaluation,right,256,false,2728,57288,39037,21,0.26610658009730476,0.07825610394402967,0,0.2,0.918590055588288,10.809320265427232,43,3.962360801109689,252.37479628809734,eval_results/7660671_21_full.json
